ID,Age,Gender,Height_cm,Weight_kg,BMI,Smoker,Diet_Quality,Alcohol_Consumption,Chronic_Disease,Stress_Level,Sleep_Hours
1,56,Other,177.6,37.3,11.8,Yes,Poor,None,No,9,8.5
2,69,Other,169.3,70.7,24.7,No,Good,High,No,2,5.9
3,46,Female,159.1,69.0,27.3,No,Excellent,Moderate,No,3,4.8
4,32,Male,170.6,76.4,26.3,No,Excellent,Moderate,No,9,6.6
5,60,Male,158.4,60.4,24.1,No,Excellent,Low,Yes,6,6.1
6,25,Female,167.7,62.0,22.0,No,Good,Moderate,No,1,5.8
7,38,Other,152.5,88.0,37.8,No,Good,High,Yes,2,5.8
8,,Male,165.3,65.0,23.8,No,Good,Moderate,No,7,6.8
9,36,Male,176.9,41.3,13.2,No,Average,None,No,6,6.3
10,40,Other,162.0,77.4,29.5,Yes,Good,Low,Yes,1,5.6
11,28,Other,175.9,82.9,26.8,Yes,Poor,Low,No,10,9.7
12,28,Male,195.9,82.8,21.6,No,Average,Moderate,No,2,7.7
13,41,Other,164.7,60.8,22.4,No,,High,No,6,7.2
14,53,,171.1,70.0,23.9,No,Excellent,Low,,6,6.9
15,57,Other,169.8,78.0,27.1,No,Average,High,No,6,8.0
16,41,Other,167.3,84.5,30.2,No,Average,High,No,9,7.8
17,20,Female,172.9,77.5,25.9,No,Average,None,Yes,2,5.4
18,39,Other,162.5,81.6,30.9,No,Poor,Low,No,10,4.7
19,19,Female,158.4,59.0,23.5,Yes,Poor,Moderate,No,10,3.6
20,41,Other,149.7,35.6,15.9,No,Excellent,High,No,9,9.7
21,61,Male,161.6,85.8,32.9,Yes,Good,Low,No,9,6.3
22,47,Male,174.0,55.8,18.4,No,Poor,Low,No,10,7.9
23,55,Other,155.6,67.4,27.8,No,Excellent,High,No,9,7.3
24,19,Other,167.5,82.1,,No,Good,Moderate,No,9,8.4
25,38,Male,163.8,70.4,26.2,No,Average,Low,No,3,6.9
26,50,Other,158.8,80.5,31.9,No,Good,Low,Yes,10,5.0
27,29,Female,146.5,106.8,49.8,No,Poor,Moderate,No,9,5.4
28,39,Female,178.6,78.3,24.5,No,Excellent,High,No,10,6.5
29,61,Female,170.2,59.1,20.4,No,Average,High,No,9,4.6
30,42,Female,191.7,48.3,13.1,No,Average,High,No,3,5.7
31,66,Female,175.8,80.2,25.9,No,Good,,No,4,5.2
32,44,Other,178.4,71.2,22.4,Yes,Good,Moderate,No,4,6.5
33,59,Other,147.5,49.3,22.7,No,Poor,None,No,4,6.3
34,45,Female,147.3,87.7,40.4,No,Average,Moderate,No,7,7.2
35,33,Other,165.4,80.9,29.6,No,Good,Moderate,No,5,8.3
36,32,Other,,69.8,29.6,No,Average,High,Yes,7,6.6
37,64,Female,158.2,102.8,41.1,Yes,Excellent,Low,No,6,4.7
38,68,Other,190.3,85.3,23.6,Yes,Excellent,Moderate,No,7,3.9
39,61,Other,176.9,55.1,17.6,Yes,Poor,High,No,8,7.2
40,69,Other,155.6,87.6,36.2,No,Average,Low,No,6,6.0
41,20,Female,141.3,73.8,37.0,Yes,Good,Moderate,No,9,6.8
42,54,Other,154.8,98.4,41.1,No,Excellent,None,No,4,7.5
43,68,Male,159.4,84.1,33.1,Yes,Excellent,None,Yes,5,9.2
44,24,Male,161.8,77.3,29.5,No,Poor,High,No,9,4.4
45,38,Female,152.2,76.4,33.0,Yes,Excellent,Low,No,9,5.5
46,26,Male,176.3,52.2,16.8,No,Poor,Low,Yes,2,6.9
47,56,Female,157.9,62.3,25.0,Yes,Average,High,No,2,5.3
48,35,Male,171.5,73.1,,No,Good,High,No,9,4.8
49,21,Male,165.5,49.4,18.0,Yes,Average,Low,No,6,9.0
50,42,Male,174.4,77.0,25.3,Yes,Average,None,No,8,5.4
51,31,Female,162.6,58.9,22.3,No,Average,None,No,8,5.0
52,67,Female,155.8,64.1,26.4,Yes,Good,Moderate,No,8,5.3
53,26,Other,,80.7,31.9,No,Average,Moderate,No,5,8.6
54,43,Female,159.2,61.7,24.3,No,Average,Low,No,10,6.0
55,19,Male,185.6,77.0,22.4,No,Poor,None,Yes,4,4.9
56,37,Male,165.8,72.2,26.3,No,Poor,Moderate,No,3,5.7
57,45,Female,165.0,54.1,19.9,No,Poor,None,No,4,6.9
58,64,Female,173.8,83.2,27.5,No,Good,None,No,8,8.3
59,24,Female,165.0,84.0,30.9,No,Excellent,Low,No,4,8.2
60,61,Other,176.2,84.8,27.3,Yes,Excellent,None,No,8,5.8
61,25,Male,161.3,98.6,37.9,No,Average,Low,No,8,6.2
62,64,Other,160.3,63.8,24.8,No,Excellent,Moderate,No,1,10.2
63,52,Other,155.2,40.8,16.9,Yes,Average,High,Yes,9,8.5
64,31,Male,183.5,60.1,17.8,No,Poor,None,No,3,6.6
65,34,Male,164.3,84.4,31.3,No,Average,High,No,6,3.6
66,53,Female,153.3,68.8,29.3,Yes,Good,High,No,3,6.3
67,67,Female,167.0,48.9,17.5,Yes,Excellent,Low,No,9,5.0
68,57,Other,158.5,44.7,17.8,No,Average,None,No,1,5.7
69,21,Female,161.1,91.3,35.2,No,Poor,None,Yes,7,5.6
70,19,Female,168.1,79.1,28.0,No,Good,Moderate,No,5,6.7
71,23,Male,180.2,62.6,19.3,No,Average,High,No,3,7.1
72,59,Male,166.0,98.2,35.6,No,Average,High,No,7,5.9
73,21,Female,157.9,109.7,44.0,No,Average,Low,No,1,5.1
74,46,Male,160.0,85.5,33.4,Yes,Good,None,No,6,6.7
75,35,Female,171.6,81.3,27.6,No,Average,None,No,7,6.3
76,43,Male,145.4,77.9,36.8,Yes,Poor,High,Yes,9,4.2
77,61,Male,154.6,82.8,34.6,Yes,Poor,Moderate,No,9,7.9
78,51,Male,167.1,99.4,35.6,No,Poor,High,,7,5.9
79,27,Male,147.9,55.4,25.3,No,Poor,None,No,5,6.6
80,53,Female,161.9,64.9,24.8,No,Good,Low,No,7,6.7
81,31,Other,,69.3,27.0,No,Poor,Low,No,1,7.0
82,48,Male,173.8,78.6,26.0,No,Poor,Low,Yes,7,7.2
83,65,Female,162.5,93.5,35.4,Yes,Excellent,None,No,10,5.0
84,32,Female,176.9,76.2,24.4,No,Poor,None,No,4,7.5
85,25,Male,165.8,79.4,28.9,No,Good,Low,Yes,2,6.5
86,31,Other,182.8,80.2,24.0,No,Excellent,None,No,6,8.6
87,40,Male,151.1,70.3,30.8,No,Excellent,Moderate,No,7,8.2
88,57,Female,181.2,63.8,19.4,No,Good,Low,Yes,7,9.0
89,38,Other,160.9,71.1,27.5,Yes,Excellent,Moderate,No,8,5.6
90,33,Female,179.7,60.2,18.6,No,Average,Moderate,No,5,8.9
91,62,Male,176.9,60.4,19.3,No,Poor,None,Yes,10,7.1
92,35,Other,136.5,75.5,40.5,Yes,Average,None,No,10,8.0
93,64,Female,169.8,62.8,21.8,Yes,Good,Low,No,8,8.0
94,41,Female,175.0,97.7,31.9,No,Average,None,No,4,7.7
95,43,Female,178.3,72.2,22.7,No,Good,Moderate,No,10,5.4
96,42,Male,153.2,90.4,38.5,Yes,Average,None,No,1,8.4
97,62,Other,170.9,51.3,17.6,No,Poor,Low,No,8,7.5
98,58,Male,167.0,51.8,18.6,No,Good,High,No,4,4.8
99,46,Male,169.3,68.3,23.8,No,Good,High,No,5,6.3
100,32,Male,175.0,84.1,27.5,No,Good,None,No,4,5.2
101,62,Other,176.6,62.6,20.1,No,Excellent,High,Yes,7,4.9
102,18,Male,158.4,68.5,27.3,Yes,Poor,Moderate,No,10,8.3
103,42,Male,167.7,85.0,30.2,No,Excellent,High,No,3,4.8
104,24,Male,165.4,64.2,23.5,No,Excellent,High,Yes,2,5.0
105,26,Male,162.6,58.6,22.2,No,Poor,Moderate,No,10,10.0
106,41,Female,163.6,80.6,30.1,No,Good,Low,Yes,2,6.3
107,18,Male,167.0,50.4,18.1,No,Excellent,High,No,7,8.0
108,61,Female,159.0,64.4,25.5,No,Excellent,High,Yes,10,8.7
109,25,Male,173.8,71.7,23.7,Yes,Good,High,Yes,6,8.2
110,41,Other,177.7,77.9,24.7,No,Poor,Low,No,2,7.2
111,28,Female,156.8,82.3,33.5,Yes,Poor,None,No,8,6.9
112,68,Female,178.2,84.7,26.7,No,Poor,None,Yes,6,7.8
113,34,Female,156.8,65.5,26.6,No,Excellent,Low,No,8,6.7
114,25,Female,174.0,84.4,27.9,No,Poor,Moderate,Yes,6,8.0
115,52,Other,178.2,77.6,24.4,No,Poor,None,No,4,6.6
116,52,Male,164.1,80.8,30.0,Yes,Excellent,Low,No,8,6.8
117,50,Female,156.9,60.5,24.6,Yes,Poor,Low,No,4,9.8
118,22,Other,159.1,80.0,31.6,No,Average,Moderate,No,6,6.3
119,59,Female,168.6,67.7,23.8,No,Poor,Low,No,5,7.0
120,56,Male,184.6,70.7,20.7,No,Poor,None,Yes,4,7.6
121,58,Female,148.1,72.5,33.1,Yes,Good,None,No,7,7.7
122,45,Other,166.0,101.7,36.9,No,Excellent,Low,Yes,8,7.4
123,24,Male,164.1,56.3,20.9,No,Good,Low,Yes,6,5.1
124,26,Other,160.4,87.8,34.1,Yes,Average,Moderate,No,1,7.2
125,25,Male,164.2,91.5,33.9,Yes,Poor,Moderate,No,7,7.4
126,29,Male,159.6,82.4,32.3,No,Good,High,Yes,4,8.7
127,51,Male,177.4,62.0,19.7,No,Good,Low,No,2,8.1
128,50,Female,178.4,95.4,30.0,No,Average,High,No,3,8.8
129,65,Other,165.9,65.0,23.6,No,Poor,High,No,10,5.5
130,40,Other,163.6,80.3,30.0,Yes,Good,High,Yes,4,5.5
131,41,Other,160.1,71.8,28.0,No,Poor,High,No,7,7.5
132,54,Male,165.9,64.5,23.4,Yes,Average,None,No,9,8.7
133,52,Female,183.5,78.2,23.2,No,Average,Moderate,No,10,6.7
134,61,Male,164.0,98.2,36.5,No,Poor,Low,Yes,6,5.9
135,57,Other,156.6,73.8,30.1,No,Average,Moderate,No,10,4.6
136,39,Female,161.0,99.7,38.5,No,Excellent,Moderate,No,5,7.5
137,44,Female,172.5,67.3,22.6,Yes,Good,Moderate,No,9,6.8
138,52,Female,157.8,71.2,28.6,Yes,Excellent,Moderate,No,8,6.3
139,18,Other,164.7,51.6,19.0,No,Excellent,Moderate,No,8,8.4
140,52,Female,169.7,61.6,21.4,No,Average,Moderate,Yes,8,6.9
141,54,Female,158.6,66.7,26.5,No,Average,None,Yes,8,7.0
142,64,Male,147.4,65.1,30.0,No,Poor,Moderate,No,8,8.3
143,31,Male,154.3,55.6,23.4,Yes,Excellent,Low,No,10,10.3
144,20,Female,156.4,58.6,24.0,No,Good,Low,No,10,6.3
145,18,Female,162.7,65.7,24.8,No,Poor,High,No,7,5.7
146,22,Male,165.4,87.8,32.1,No,Poor,High,No,2,5.5
147,43,Male,173.2,47.6,15.9,No,Poor,Moderate,No,2,7.7
148,31,Male,152.7,38.8,16.6,No,Average,High,No,5,5.4
149,56,Other,171.8,43.6,14.8,No,Average,High,Yes,6,6.4
150,44,Other,161.3,57.3,22.0,No,Poor,Moderate,No,9,6.6
151,26,Male,147.1,79.6,36.8,Yes,Average,High,No,1,9.3
152,32,Female,165.1,64.7,23.7,No,Average,Low,Yes,7,8.8
153,32,Male,178.2,64.5,20.3,Yes,Poor,Moderate,No,7,4.7
154,43,Other,173.8,64.1,21.2,No,Good,Low,No,8,9.4
155,59,Female,164.2,41.8,15.5,No,Good,Low,No,1,5.2
156,30,Other,176.3,82.9,26.7,No,Average,None,No,10,7.2
157,68,Female,166.9,89.7,32.2,No,Good,None,No,4,5.7
158,49,Other,174.8,65.0,21.3,No,Good,High,No,10,6.4
159,56,Female,148.4,71.3,32.4,No,Average,Low,Yes,5,5.5
160,66,Female,152.5,71.8,30.9,No,Good,High,No,2,9.5
161,69,Female,172.3,54.0,18.2,Yes,Average,Moderate,Yes,2,6.8
162,49,Female,180.4,63.4,19.5,No,Excellent,Low,Yes,4,7.3
163,21,Other,169.2,96.8,33.8,No,Poor,High,No,3,5.4
164,47,Other,160.0,69.9,27.3,No,Good,Low,No,7,4.9
165,54,Female,156.5,73.4,30.0,Yes,Poor,High,No,7,6.3
166,40,Female,161.8,59.6,22.8,No,Poor,Moderate,No,2,7.8
167,56,Other,177.1,63.6,20.3,Yes,Average,None,No,5,6.8
168,62,Female,161.6,79.7,30.5,No,Good,Low,No,5,8.5
169,32,Female,175.5,57.4,18.6,No,Good,High,No,8,7.2
170,60,Female,171.5,94.3,32.1,No,Excellent,None,No,8,7.0
171,46,Male,182.1,45.8,13.8,No,Good,Moderate,No,4,7.8
172,53,Female,167.0,60.5,21.7,No,Good,None,No,10,7.2
173,30,Male,164.5,47.8,17.7,No,Average,Moderate,No,1,8.4
174,49,Female,176.0,89.9,29.0,Yes,Poor,High,No,6,7.8
175,24,Other,155.6,69.5,28.7,No,Excellent,Moderate,Yes,7,8.4
176,68,Male,160.6,65.7,25.5,No,Good,None,Yes,1,8.1
177,39,Male,148.2,76.0,34.6,No,Good,High,No,8,9.0
178,45,Female,152.5,91.0,39.1,No,Excellent,High,Yes,9,8.2
179,19,Female,184.2,73.2,21.6,Yes,Average,Low,No,8,9.6
180,59,Male,171.9,87.1,29.5,No,Good,High,No,3,6.2
181,62,Other,151.3,65.6,28.7,No,Good,High,Yes,9,8.3
182,23,Other,176.9,55.6,17.8,Yes,Excellent,High,Yes,10,4.9
183,45,Female,158.0,73.5,29.4,No,Poor,Low,No,3,8.4
184,45,Other,171.4,59.5,20.3,Yes,Good,Moderate,No,4,7.1
185,61,Other,171.3,80.3,27.4,No,Good,None,No,6,8.4
186,61,Female,181.6,63.9,19.4,No,Poor,High,No,7,9.5
187,37,Other,159.6,68.7,27.0,No,Good,None,No,8,8.2
188,47,Female,157.6,36.4,14.7,No,Poor,None,Yes,7,6.4
189,28,Male,138.1,68.1,35.7,No,Average,High,No,3,5.4
190,45,Female,163.8,66.4,24.7,No,Poor,None,No,2,7.8
191,42,Male,172.3,87.4,29.4,No,Poor,Moderate,No,2,6.6
192,56,Male,173.6,83.1,27.6,Yes,Good,None,No,9,8.0
193,50,Other,177.5,70.4,22.3,Yes,Good,None,No,7,6.2
194,18,Other,167.9,45.5,16.1,Yes,Excellent,Low,Yes,7,5.6
195,44,Other,170.0,63.4,21.9,No,Good,Moderate,No,5,6.6
196,69,Female,165.7,87.5,31.9,No,Good,None,No,6,7.8
197,30,Other,172.1,67.0,22.6,No,Poor,High,No,7,7.2
198,58,Male,155.7,54.0,22.3,Yes,Average,None,No,9,5.8
199,20,Other,150.9,87.3,38.3,Yes,Good,High,Yes,10,9.7
200,56,Other,156.7,45.6,18.6,No,Poor,Moderate,Yes,4,6.8
201,23,Female,167.1,68.3,24.5,Yes,Excellent,Moderate,No,6,3.6
202,25,Female,152.0,78.4,33.9,No,Excellent,Low,No,1,8.4
203,44,Male,158.7,71.9,28.5,No,Average,High,No,7,7.0
204,26,Female,159.0,51.4,20.3,No,Average,High,No,4,6.7
205,54,Other,172.8,56.1,18.8,Yes,Average,Moderate,No,2,6.7
206,50,Female,171.6,59.5,20.2,No,Poor,High,No,4,6.7
207,68,Male,165.7,81.8,29.8,No,Good,High,No,8,9.5
208,59,Other,169.5,72.6,25.3,No,Poor,None,No,2,7.7
209,61,Male,169.7,64.2,22.3,No,Excellent,Low,No,1,7.4
210,41,Female,161.4,76.1,29.2,No,Excellent,None,No,1,6.6
211,32,Female,159.6,58.7,23.0,No,Good,Moderate,No,7,9.6
212,49,Male,180.4,81.1,24.9,No,Average,High,No,7,8.3
213,49,Other,140.1,76.8,39.1,No,Excellent,High,No,4,8.5
214,41,Female,157.6,66.6,26.8,No,Average,Moderate,No,5,7.4
215,58,Female,163.0,67.6,25.4,No,Poor,High,No,5,8.5
216,69,Other,170.6,64.9,22.3,Yes,Average,Moderate,Yes,7,7.6
217,66,Female,176.4,84.9,27.3,No,Poor,Low,No,3,6.4
218,66,Male,183.6,73.2,21.7,No,Good,High,No,5,7.6
219,69,Female,164.1,66.8,24.8,Yes,Average,None,No,7,10.1
220,29,Female,164.8,55.4,20.4,No,Good,None,No,7,7.3
221,56,Other,168.6,78.8,27.7,Yes,Average,Low,No,9,8.9
222,19,Male,159.7,78.1,30.6,Yes,Excellent,Moderate,No,4,8.8
223,20,Other,153.2,62.1,26.5,Yes,Good,High,No,1,7.8
224,66,Female,164.0,63.7,23.7,Yes,Average,High,No,5,9.5
225,54,Female,172.5,68.2,22.9,Yes,Good,None,Yes,4,3.7
226,66,Other,162.6,52.7,19.9,No,Average,Moderate,No,3,4.2
227,34,Other,169.1,71.1,24.9,No,Poor,Moderate,No,7,9.6
228,66,Other,146.3,45.3,21.2,Yes,Good,High,Yes,9,6.0
229,19,Male,165.2,50.8,18.6,No,Excellent,High,No,4,7.2
230,19,Female,161.0,62.4,24.1,No,Good,None,No,6,9.6
231,45,Other,152.2,60.6,26.2,No,Poor,Moderate,Yes,1,7.3
232,40,Female,171.6,76.8,26.1,No,Poor,High,No,1,9.5
233,54,Male,183.5,74.2,22.0,Yes,Excellent,High,No,3,6.4
234,49,Male,174.9,90.6,29.6,No,Poor,None,No,5,7.9
235,50,Male,175.5,71.4,23.2,No,Excellent,None,No,6,7.1
236,18,Male,172.1,73.1,24.7,No,Average,High,No,9,9.2
237,36,Female,171.5,52.6,17.9,No,Poor,Low,No,9,6.6
238,19,Male,147.0,52.6,24.3,Yes,Average,None,No,10,5.6
239,61,Male,163.7,71.0,26.5,No,Average,High,No,1,6.3
240,43,Other,170.1,71.2,24.6,Yes,Poor,Low,No,2,6.4
241,49,Male,170.3,74.3,25.6,No,Excellent,High,No,8,6.0
242,23,Other,177.7,89.0,28.2,No,Excellent,Moderate,Yes,5,6.0
243,49,Male,154.7,53.2,22.2,No,Excellent,Low,No,3,8.7
244,21,Male,171.1,95.3,32.6,Yes,Poor,Moderate,No,9,9.1
245,28,Other,154.3,47.6,20.0,No,Average,High,No,2,7.6
246,34,Male,162.9,75.6,28.5,No,Good,Low,No,7,6.0
247,55,Female,164.4,51.3,19.0,No,Good,Moderate,No,10,6.1
248,41,Female,173.6,80.9,26.8,No,Poor,None,Yes,8,3.9
249,22,Male,172.4,47.7,16.0,No,Good,Low,No,2,7.6
250,69,Female,166.2,29.0,10.5,Yes,Average,None,Yes,1,6.0
251,51,Other,143.5,72.2,35.1,No,Good,None,Yes,3,9.2
252,23,Male,169.4,68.1,23.7,Yes,Excellent,Moderate,No,8,4.9
253,39,Male,162.3,86.6,32.9,Yes,Average,High,No,4,6.1
254,28,Other,178.9,71.2,22.2,No,Poor,Moderate,Yes,5,6.9
255,65,Other,176.5,58.8,18.9,No,Poor,High,Yes,9,7.7
256,33,Other,155.6,61.9,25.6,Yes,Excellent,Moderate,No,4,9.7
257,50,Male,170.8,118.2,40.5,No,Good,Moderate,No,9,4.9
258,26,Other,171.0,56.9,19.5,No,Poor,Low,No,6,6.5
259,23,Other,170.3,77.9,26.9,Yes,Poor,High,No,7,4.9
260,33,Female,169.0,76.0,26.6,No,Average,None,No,8,8.2
261,46,Female,171.3,78.2,26.6,No,Average,High,No,10,6.0
262,20,Male,180.0,77.0,23.8,No,Average,High,No,10,6.8
263,37,Female,159.5,66.0,25.9,No,Average,Moderate,No,1,6.7
264,53,Female,155.9,43.6,17.9,No,Poor,None,Yes,9,7.2
265,36,Other,172.8,72.3,24.2,No,Average,Low,Yes,2,6.8
266,43,Other,146.2,69.8,32.7,No,Excellent,Moderate,No,3,5.5
267,20,Female,171.5,71.9,24.4,No,Excellent,Low,No,1,7.1
268,36,Female,169.8,78.5,27.2,Yes,Average,Low,No,10,5.8
269,37,Female,141.5,63.8,31.9,No,Average,High,Yes,3,8.2
270,49,Male,158.6,60.7,24.1,No,Good,None,No,2,7.1
271,24,Male,180.8,83.5,25.5,No,Average,High,No,7,5.4
272,69,Male,150.4,65.1,28.8,Yes,Poor,None,No,7,10.6
273,58,Female,167.1,62.6,22.4,No,Excellent,Low,No,6,9.5
274,50,Female,155.0,61.3,25.5,No,Excellent,High,No,10,10.7
275,57,Male,157.9,78.9,31.6,No,Poor,Low,No,4,6.5
276,56,Male,184.2,66.9,19.7,Yes,Average,Moderate,No,3,5.7
277,35,Female,166.2,103.2,37.4,No,Good,None,No,7,8.2
278,57,Other,170.2,70.9,24.5,No,Excellent,Low,No,3,8.7
279,18,Male,163.9,51.9,19.3,No,Good,Low,No,9,7.3
280,28,Female,149.8,63.4,28.3,Yes,Excellent,None,No,10,3.8
281,45,Female,153.2,79.8,34.0,No,Good,Low,No,8,5.5
282,42,Other,176.8,61.0,19.5,Yes,Excellent,Moderate,No,7,7.6
283,67,Female,166.5,69.7,25.1,No,Good,Low,No,2,6.0
284,40,Female,157.3,84.7,34.2,Yes,Average,Low,No,10,5.0
285,48,Male,164.8,86.9,32.0,Yes,Average,None,No,3,6.6
286,47,Male,171.6,62.1,21.1,No,Poor,None,No,8,2.1
287,59,Other,169.5,66.1,23.0,No,Poor,Moderate,Yes,3,6.1
288,52,Other,157.3,71.5,28.9,No,Good,Low,No,8,6.4
289,24,Female,149.2,90.1,40.5,No,Good,High,No,4,7.5
290,33,Male,160.9,53.5,20.7,Yes,Excellent,Moderate,No,5,7.8
291,43,Other,176.1,75.4,24.3,Yes,Poor,High,No,9,7.6
292,65,Other,173.5,70.8,23.5,No,Poor,Low,No,10,8.3
293,69,Other,169.1,56.5,19.8,No,Excellent,Low,No,2,6.7
294,66,Female,163.3,88.6,33.2,No,Good,None,No,3,4.8
295,19,Male,159.8,84.9,33.2,No,Poor,Moderate,No,1,7.1
296,18,Other,163.5,93.1,34.8,No,Good,High,No,8,5.7
297,65,Male,172.8,87.7,29.4,No,Average,Low,No,9,5.0
298,29,Other,175.1,70.2,22.9,No,Good,Low,Yes,10,7.9
299,22,Other,162.4,79.3,30.1,No,Average,None,No,9,4.9
300,54,Male,190.4,75.0,20.7,No,Average,None,No,3,8.0
301,49,Male,165.9,56.4,20.5,Yes,Excellent,None,No,5,5.1
302,26,Male,161.5,50.4,19.3,Yes,Excellent,Moderate,No,9,6.6
303,58,Female,179.8,75.5,23.4,Yes,Average,Moderate,Yes,5,6.2
304,52,Other,144.6,71.4,34.1,No,Excellent,Low,No,1,8.7
305,36,Female,169.8,65.0,22.5,No,Poor,High,No,1,7.9
306,65,Male,164.3,68.6,25.4,No,Poor,Moderate,No,4,5.8
307,33,Other,179.5,96.5,30.0,No,Good,None,No,7,6.8
308,20,Female,171.0,37.3,12.8,No,Average,None,No,7,9.0
309,37,Other,166.4,79.6,28.7,Yes,Good,Moderate,Yes,7,9.2
310,41,Female,171.6,82.6,28.1,No,Average,Low,No,6,4.9
311,50,Male,154.4,84.5,35.4,No,Average,Low,No,1,9.0
312,41,Female,174.7,49.3,16.2,No,Good,Low,Yes,3,8.9
313,69,Other,151.6,65.6,28.5,Yes,Good,Low,Yes,5,7.3
314,28,Other,168.6,64.9,22.8,Yes,Good,None,No,4,6.9
315,66,Other,165.4,74.4,27.2,No,Good,Moderate,No,4,6.2
316,25,Other,147.4,53.1,24.4,Yes,Poor,None,Yes,9,5.1
317,53,Male,165.7,75.7,27.6,No,Average,High,No,7,7.5
318,55,Female,167.8,56.7,20.1,Yes,Excellent,Low,Yes,9,6.7
319,57,Male,158.5,65.5,26.1,No,Average,Low,Yes,7,7.7
320,37,Male,154.9,90.2,37.6,No,Poor,High,No,10,7.7
321,52,Male,169.9,82.6,28.6,No,Average,High,No,3,10.8
322,65,Other,168.6,71.9,25.3,Yes,Poor,None,No,10,8.8
323,42,Other,167.3,49.1,17.5,No,Average,High,Yes,4,7.8
324,52,Other,165.1,75.0,27.5,No,Poor,Low,No,9,3.8
325,42,Female,159.3,76.0,29.9,No,Excellent,High,Yes,1,7.6
326,46,Other,187.7,38.5,10.9,Yes,Excellent,None,No,3,9.4
327,35,Female,162.0,75.3,28.7,No,Excellent,High,No,4,6.4
328,63,Other,156.3,53.9,22.1,Yes,Excellent,High,No,4,10.3
329,35,Other,165.5,47.8,17.5,No,Poor,None,No,7,7.8
330,19,Male,163.2,53.2,20.0,No,Average,None,No,4,7.4
331,52,Male,161.8,37.6,14.4,Yes,Excellent,None,No,10,5.5
332,33,Male,183.7,63.9,18.9,Yes,Excellent,Low,No,8,9.3
333,58,Female,153.7,54.9,23.2,No,Average,Low,No,1,5.8
334,53,Female,165.4,87.1,31.8,Yes,Average,High,No,3,6.2
335,50,Other,154.4,64.6,27.1,No,Good,Low,No,10,4.2
336,21,Female,159.6,59.2,23.2,No,Average,Moderate,No,10,8.3
337,50,Other,182.4,46.1,13.9,No,Average,None,No,6,7.9
338,31,Female,167.8,63.6,22.6,Yes,Average,Moderate,No,3,7.0
339,38,Female,167.7,90.3,32.1,Yes,Good,None,No,8,8.1
340,65,Female,155.6,93.2,38.5,No,Average,High,No,7,8.0
341,37,Male,160.8,64.5,24.9,No,Poor,None,No,5,6.5
342,25,Female,183.2,69.0,20.6,No,Excellent,Low,No,2,5.8
343,24,Male,170.0,80.5,27.9,No,Poor,High,No,5,4.4
344,20,Male,161.6,54.6,20.9,No,Good,None,No,9,6.7
345,34,Female,169.4,75.5,26.3,Yes,Good,High,No,5,5.0
346,50,Other,167.7,105.5,37.5,No,Good,High,Yes,3,7.2
347,65,Other,156.6,81.5,33.2,Yes,Good,High,No,7,6.8
348,29,Other,161.3,81.0,31.1,Yes,Good,Moderate,No,3,6.4
349,68,Female,187.5,90.2,25.7,No,Excellent,Low,No,8,8.6
350,39,Other,168.9,83.6,29.3,No,Average,High,Yes,5,5.5
351,39,Male,149.3,66.2,29.7,No,Poor,Low,No,5,4.2
352,63,Other,170.1,52.3,18.1,No,Poor,None,No,6,6.7
353,47,Female,178.0,68.0,21.5,No,Average,High,No,10,5.9
354,55,Other,156.0,55.5,22.8,No,Good,Low,No,6,7.2
355,55,Male,160.4,65.8,25.6,Yes,Average,High,No,3,5.6
356,62,Female,179.5,56.9,17.7,Yes,Good,Moderate,No,7,7.6
357,68,Other,165.3,64.2,23.5,No,Excellent,None,Yes,9,5.5
358,25,Female,163.6,47.7,17.8,No,Poor,Moderate,No,1,5.5
359,44,Female,151.6,59.6,25.9,No,Poor,High,Yes,4,7.9
360,44,Female,175.7,76.1,24.7,No,Excellent,Low,No,4,6.9
361,51,Other,163.1,79.9,30.0,No,Excellent,High,No,1,5.2
362,38,Female,143.3,76.6,37.3,No,Good,High,Yes,6,5.6
363,47,Other,149.3,64.4,28.9,No,Average,High,No,2,6.4
364,50,Male,159.4,71.9,28.3,No,Good,Moderate,No,6,5.3
365,45,Other,154.3,99.2,41.7,No,Good,Moderate,Yes,1,6.6
366,64,Male,155.8,59.2,24.4,Yes,Poor,Low,No,10,6.6
367,50,Other,188.4,94.1,26.5,No,Good,None,No,5,5.6
368,22,Female,172.1,48.3,16.3,No,Average,None,No,6,8.0
369,65,Other,139.2,44.4,22.9,Yes,Good,Low,Yes,10,5.5
370,36,Female,161.9,67.8,25.9,No,Poor,High,No,2,8.9
371,21,Male,164.1,69.4,25.8,Yes,Average,None,No,1,6.7
372,52,Other,150.2,53.0,23.5,Yes,Average,Moderate,No,7,6.0
373,66,Female,170.3,65.1,22.4,No,Poor,Low,No,1,7.8
374,34,Male,144.6,76.0,36.3,Yes,Poor,Low,No,7,7.1
375,61,Male,176.0,55.4,17.9,No,Good,High,No,1,8.1
376,45,Other,179.4,85.2,26.5,No,Poor,None,No,9,4.0
377,47,Male,188.5,86.9,24.5,No,Excellent,None,No,5,7.8
378,46,Female,149.3,88.7,39.8,Yes,Poor,High,No,6,6.2
379,63,Male,151.3,56.4,24.6,No,Excellent,Low,No,7,7.1
380,23,Male,171.9,58.3,19.7,No,Poor,Low,No,1,6.9
381,52,Female,176.8,67.4,21.6,No,Excellent,Low,No,8,9.0
382,58,Male,173.1,65.9,22.0,No,Excellent,Low,No,6,4.2
383,54,Male,175.8,65.1,21.1,No,Poor,Moderate,No,2,9.4
384,41,Male,178.8,81.3,25.4,Yes,Average,Moderate,No,1,8.1
385,46,Male,167.0,79.2,28.4,No,Average,Low,Yes,1,7.2
386,66,Female,162.9,56.9,21.4,Yes,Excellent,Low,No,4,4.8
387,63,Male,151.3,52.9,23.1,No,Average,Low,No,3,4.5
388,48,Female,162.0,51.4,19.6,No,Poor,Moderate,No,6,6.2
389,52,Male,163.6,56.8,21.2,No,Excellent,High,No,10,8.0
390,50,Male,155.5,82.7,34.2,No,Good,None,No,8,7.0
391,69,Male,164.6,72.1,26.6,Yes,Excellent,Moderate,No,1,7.9
392,38,Male,154.4,83.9,35.2,No,Good,Low,No,7,4.8
393,49,Female,176.1,44.5,14.3,No,Good,Low,Yes,8,7.1
394,40,Female,169.3,74.1,25.9,No,Excellent,Low,Yes,5,8.6
395,50,Female,160.4,73.9,28.7,Yes,Good,Low,No,8,9.2
396,20,Other,166.9,88.0,31.6,No,Average,High,No,1,5.1
397,35,Male,153.9,63.9,27.0,No,Good,Moderate,Yes,2,6.5
398,42,Male,155.0,62.8,26.1,Yes,Average,None,No,4,6.5
399,59,Female,158.7,92.6,36.8,No,Excellent,Low,No,1,6.1
400,48,Other,163.1,67.4,25.3,Yes,Good,High,No,5,8.4
401,20,Male,166.4,72.7,26.3,No,Good,High,No,10,11.3
402,57,Female,166.5,77.1,27.8,No,Average,Low,No,3,5.3
403,63,Male,151.8,45.0,19.5,Yes,Average,Low,No,2,7.6
404,41,Male,164.2,70.6,26.2,No,Excellent,None,No,7,7.4
405,67,Female,156.8,51.3,20.9,No,Excellent,Moderate,No,2,7.5
406,49,Female,130.9,68.7,40.1,No,Good,None,No,9,9.0
407,64,Male,195.8,65.6,17.1,No,Poor,Moderate,No,6,7.6
408,39,Male,157.0,62.4,25.3,No,Good,High,No,8,3.8
409,40,Female,157.6,79.4,32.0,No,Good,High,Yes,3,4.8
410,19,Male,151.5,71.5,31.2,No,Excellent,Low,No,5,5.4
411,44,Male,154.4,54.1,22.7,No,Excellent,None,No,3,5.9
412,59,Female,163.1,53.6,20.1,Yes,Good,None,No,9,6.8
413,19,Male,178.5,82.6,25.9,Yes,Average,Low,No,1,6.7
414,43,Male,163.1,69.4,26.1,No,Excellent,None,No,8,4.3
415,34,Other,161.8,48.6,18.6,No,Good,High,No,6,4.6
416,57,Female,177.0,63.8,20.4,Yes,Poor,High,No,7,3.8
417,50,Other,159.8,67.6,26.5,No,Good,Low,No,2,4.7
418,26,Other,165.2,51.5,18.9,No,Poor,Low,No,7,8.5
419,60,Other,155.8,60.4,24.9,Yes,Poor,Moderate,No,1,6.6
420,65,Male,181.9,83.8,25.3,No,Poor,High,No,7,5.6
421,56,Male,175.5,107.3,34.8,No,Good,High,No,8,4.1
422,46,Other,163.5,74.5,27.9,No,Excellent,High,No,2,5.5
423,59,Other,161.0,49.7,19.2,No,Average,High,No,10,7.9
424,43,Other,164.7,66.7,24.6,No,Average,High,No,2,7.7
425,52,Male,163.6,71.8,26.8,No,Good,Moderate,No,3,6.6
426,67,Other,149.5,81.8,36.6,No,Good,Low,No,10,6.6
427,42,Other,175.8,82.1,26.6,No,Poor,Low,Yes,4,4.3
428,41,Female,162.7,90.5,34.2,No,Excellent,None,No,8,5.8
429,30,Female,184.0,70.0,20.7,No,Good,High,No,3,7.8
430,24,Male,169.2,70.3,24.6,No,Average,High,No,6,6.0
431,53,Female,139.8,41.7,21.3,No,Good,Low,No,10,9.4
432,62,Female,152.2,54.8,23.7,No,Excellent,High,Yes,8,8.8
433,37,Female,143.5,49.6,24.1,No,Excellent,High,No,10,6.3
434,18,Male,152.1,57.4,24.8,No,Good,High,No,2,6.6
435,25,Female,148.7,52.7,23.8,No,Good,Low,Yes,4,10.3
436,63,Male,167.5,53.7,19.1,No,Excellent,None,Yes,1,8.3
437,33,Other,161.8,86.3,33.0,Yes,Excellent,Low,No,8,7.1
438,31,Female,172.4,41.1,13.8,No,Poor,High,No,1,7.3
439,29,Male,164.6,67.0,24.7,No,Good,Low,No,9,7.2
440,68,Female,162.6,83.0,31.4,Yes,Good,Moderate,No,6,7.0
441,40,Other,185.0,65.5,19.1,No,Good,High,No,3,5.4
442,32,Male,167.2,89.9,32.2,Yes,Average,Low,No,8,6.4
443,45,Male,164.2,61.0,22.6,No,Poor,Low,No,2,4.8
444,51,Male,156.5,96.3,39.3,No,Excellent,None,Yes,3,8.1
445,19,Other,153.2,46.5,19.8,Yes,Poor,High,No,7,6.8
446,49,Other,172.7,89.9,30.1,Yes,Average,Moderate,No,1,8.2
447,40,Other,172.1,56.6,19.1,No,Poor,Moderate,No,9,5.1
448,39,Male,180.7,91.7,28.1,No,Average,High,No,10,9.1
449,68,Other,169.8,63.0,21.9,No,Poor,Low,No,9,8.9
450,42,Female,161.1,86.6,33.4,Yes,Poor,Moderate,No,3,4.6
451,39,Other,170.1,89.1,30.8,Yes,Poor,High,No,4,6.2
452,39,Male,164.2,61.3,22.7,Yes,Good,Moderate,No,2,6.4
453,66,Female,173.7,85.3,28.3,Yes,Excellent,High,Yes,10,4.8
454,69,Other,178.3,69.6,21.9,No,Poor,Moderate,Yes,1,6.6
455,59,Female,163.3,48.1,18.0,No,Good,None,No,8,7.8
456,23,Female,182.6,77.6,23.3,No,Good,High,No,9,6.3
457,32,Male,176.9,54.8,17.5,No,Good,None,No,9,4.4
458,60,Female,165.2,60.2,22.1,No,Average,High,No,10,8.2
459,54,Female,171.7,56.6,19.2,No,Poor,Moderate,No,5,5.8
460,50,Male,168.1,75.7,26.8,Yes,Excellent,Moderate,No,5,6.0
461,25,Male,165.2,55.2,20.2,No,Poor,Low,No,5,9.5
462,61,Male,184.1,51.6,15.2,No,Poor,Moderate,No,6,7.6
463,61,Female,170.2,54.3,18.7,No,Excellent,None,No,4,5.8
464,22,Female,156.6,59.4,24.2,No,Good,Low,No,2,5.2
465,56,Female,154.7,77.5,32.4,No,Poor,None,No,2,8.4
466,21,Male,155.1,83.6,34.8,Yes,Good,None,No,6,8.3
467,23,Other,169.9,83.4,28.9,No,Good,None,Yes,5,6.2
468,62,Female,161.6,69.5,26.6,No,Good,None,No,4,5.1
469,49,Other,168.3,69.1,24.4,No,Excellent,None,No,6,7.6
470,69,Male,174.4,67.2,22.1,No,Good,High,No,4,7.9
471,47,Female,185.3,76.7,22.3,No,Poor,High,No,10,6.4
472,64,Other,161.8,86.8,33.2,No,Good,Low,No,4,5.3
473,52,Female,150.9,67.7,29.7,No,Average,None,No,6,7.0
474,57,Female,182.9,78.0,23.3,No,Average,High,No,4,7.7
475,69,Female,150.4,51.4,22.7,No,Average,Moderate,Yes,9,6.3
476,33,Other,150.0,82.8,36.8,No,Good,Low,No,7,7.4
477,30,Male,182.7,73.2,21.9,Yes,Poor,High,Yes,6,7.5
478,67,Female,175.7,54.5,17.7,Yes,Poor,Moderate,No,3,8.7
479,59,Male,169.8,86.0,29.8,Yes,Good,Low,No,4,6.4
480,47,Male,164.5,51.4,19.0,Yes,Good,Moderate,No,2,5.3
481,36,Other,162.6,35.9,13.6,No,Excellent,None,Yes,3,6.9
482,34,Other,158.5,82.7,32.9,No,Good,Moderate,No,1,9.5
483,36,Male,162.2,75.8,28.8,No,Average,None,No,9,4.4
484,45,Female,164.5,51.8,19.1,No,Excellent,Low,No,10,3.5
485,43,Other,151.3,75.3,32.9,No,Excellent,None,No,3,6.8
486,54,Female,156.8,87.5,35.6,Yes,Good,Moderate,No,8,6.4
487,43,Female,143.9,73.9,35.7,No,Good,None,Yes,4,6.7
488,40,Female,165.8,106.6,38.8,No,Excellent,None,No,8,6.6
489,26,Male,165.8,57.2,20.8,No,Excellent,Low,Yes,7,8.5
490,29,Female,182.8,36.5,10.9,No,Excellent,None,Yes,4,6.9
491,18,Male,168.8,48.8,17.1,Yes,Excellent,High,No,7,8.2
492,18,Male,159.4,35.6,14.0,No,Excellent,Low,No,8,3.3
493,64,Female,163.0,102.1,38.4,No,Poor,Moderate,Yes,10,6.2
494,51,Female,169.9,69.9,24.2,Yes,Excellent,Low,Yes,3,5.8
495,49,Female,167.3,99.1,35.4,No,Excellent,Moderate,No,5,3.6
496,65,Female,170.8,64.7,22.2,No,Poor,Moderate,No,3,7.2
497,42,Male,168.8,56.4,19.8,No,Average,None,Yes,7,6.8
498,57,Female,162.5,44.0,16.7,No,Average,Low,Yes,6,6.3
499,62,Female,159.6,64.0,25.1,No,Average,Moderate,No,1,6.8
500,18,Male,159.1,82.7,32.7,No,Average,High,No,10,7.2
501,33,Other,155.7,66.6,27.5,No,Good,None,No,5,8.5
502,56,Other,154.2,46.0,19.3,No,Good,None,No,4,8.0
503,22,Male,183.4,79.8,23.7,Yes,Excellent,Moderate,No,2,7.5
504,39,Other,166.2,82.6,29.9,No,Excellent,High,No,1,10.5
505,46,Male,163.4,62.1,23.3,Yes,Average,None,Yes,7,5.9
506,20,Female,160.0,60.2,23.5,No,Average,Low,No,7,5.0
507,29,Female,169.3,44.4,15.5,Yes,Poor,Moderate,Yes,6,8.8
508,43,Other,177.0,79.4,25.3,No,Poor,High,No,5,9.8
509,33,Female,172.2,63.1,21.3,No,Poor,Moderate,Yes,9,6.0
510,68,Other,174.2,29.8,9.8,No,Average,None,No,2,9.1
511,54,Other,159.1,47.7,18.8,No,Poor,High,No,3,6.2
512,39,Female,165.0,78.4,28.8,No,Excellent,Moderate,No,9,7.9
513,46,Female,159.3,64.9,25.6,No,Average,Moderate,No,2,8.0
514,31,Other,166.1,53.0,19.2,No,Good,Moderate,No,3,6.1
515,45,Female,177.7,70.8,22.4,No,Average,Low,No,6,9.8
516,22,Male,169.4,57.4,20.0,No,Good,Low,No,10,9.9
517,64,Female,181.3,60.4,18.4,No,Good,Low,Yes,7,5.5
518,66,Female,162.1,66.0,25.1,No,Average,Low,Yes,2,7.3
519,47,Male,156.9,95.3,38.7,Yes,Poor,None,Yes,8,8.4
520,63,Female,170.1,95.2,32.9,No,Excellent,Moderate,No,9,4.2
521,69,Female,166.2,40.4,14.6,Yes,Average,Low,No,1,7.0
522,22,Other,168.2,69.0,24.4,No,Poor,None,No,6,4.5
523,29,Female,166.7,48.2,17.3,No,Good,Low,No,4,8.0
524,33,Female,160.2,54.1,21.1,No,Good,None,No,10,7.1
525,43,Male,167.0,42.1,15.1,Yes,Good,High,No,10,6.4
526,43,Other,174.7,57.0,18.7,Yes,Good,Low,No,5,4.6
527,65,Other,175.8,52.1,16.9,No,Average,Low,No,6,6.1
528,38,Other,160.1,85.4,33.3,No,Excellent,Moderate,No,6,7.8
529,56,Female,167.3,57.4,20.5,Yes,Good,Low,No,7,6.9
530,53,Other,179.8,40.8,12.6,No,Poor,Low,No,9,8.8
531,50,Male,160.3,70.0,27.2,No,Poor,None,No,4,8.7
532,47,Other,158.5,67.3,26.8,Yes,Excellent,Moderate,No,9,8.6
533,54,Male,172.9,66.0,22.1,No,Excellent,Moderate,No,1,6.2
534,40,Other,171.2,79.1,27.0,No,Excellent,High,No,9,7.4
535,27,Other,156.6,88.5,36.1,No,Good,None,No,8,5.6
536,22,Male,151.0,65.8,28.9,No,Average,Low,No,2,5.1
537,53,Other,167.1,74.0,26.5,No,Good,None,Yes,7,8.8
538,51,Other,160.8,66.2,25.6,No,Good,Low,Yes,7,5.2
539,69,Other,148.2,77.6,35.3,Yes,Poor,High,No,2,5.1
540,48,Female,158.1,48.0,19.2,No,Average,Low,Yes,8,7.2
541,27,Male,171.0,79.3,27.1,No,Average,Moderate,No,6,6.6
542,36,Other,163.5,74.2,27.8,No,Poor,High,No,6,6.7
543,49,Male,180.7,55.6,17.0,No,Poor,Low,Yes,5,10.5
544,18,Male,144.1,103.1,49.7,Yes,Poor,High,No,8,5.5
545,22,Male,178.4,49.6,15.6,No,Excellent,Moderate,No,10,7.7
546,62,Other,161.6,74.9,28.7,No,Average,Moderate,No,9,7.1
547,21,Other,160.1,55.6,21.7,No,Poor,None,No,5,8.5
548,33,Male,149.5,78.7,35.2,Yes,Poor,Low,No,1,5.8
549,41,Female,169.7,100.0,34.7,No,Poor,High,No,6,6.7
550,33,Male,146.7,81.6,37.9,No,Good,None,No,1,7.2
551,19,Female,173.2,68.3,22.8,No,Average,High,Yes,5,4.8
552,66,Male,149.9,83.9,37.3,No,Average,None,No,6,4.3
553,45,Male,151.4,61.1,26.7,Yes,Excellent,None,Yes,3,7.0
554,49,Male,153.1,77.3,33.0,No,Good,None,No,1,9.0
555,44,Other,157.8,71.3,28.6,No,Average,Moderate,No,2,6.5
556,37,Female,174.4,51.8,17.0,Yes,Excellent,Moderate,No,3,6.7
557,41,Female,180.0,95.6,29.5,Yes,Excellent,Moderate,Yes,3,8.7
558,29,Male,158.9,88.7,35.1,No,Poor,Moderate,No,2,6.8
559,67,Other,164.5,57.2,21.1,No,Excellent,High,No,6,8.2
560,52,Other,169.9,85.4,29.6,No,Excellent,Low,Yes,7,11.0
561,50,Female,161.7,52.3,20.0,No,Good,Moderate,No,5,6.1
562,50,Other,169.5,76.9,26.8,No,Poor,Low,No,7,6.7
563,68,Female,165.0,70.7,26.0,No,Poor,None,No,3,7.6
564,60,Female,162.5,95.2,36.1,No,Poor,Low,No,5,9.2
565,54,Female,150.8,75.0,33.0,Yes,Excellent,Moderate,No,3,6.8
566,29,Other,166.5,46.8,16.9,No,Poor,High,No,4,8.1
567,20,Female,174.6,85.3,28.0,No,Average,Moderate,Yes,6,7.5
568,18,Female,157.2,63.4,25.7,No,Good,High,Yes,4,6.9
569,50,Male,145.3,62.7,29.7,No,Good,Moderate,No,4,6.4
570,57,Female,161.8,70.4,26.9,Yes,Excellent,None,No,7,6.1
571,27,Female,180.1,61.4,18.9,Yes,Poor,High,No,6,11.6
572,60,Male,177.1,96.9,30.9,Yes,Good,None,No,1,4.7
573,61,Male,159.2,82.1,32.4,No,Excellent,Moderate,Yes,8,4.8
574,46,Other,169.6,52.8,18.4,Yes,Excellent,None,No,1,7.4
575,30,Female,171.1,59.1,20.2,No,Good,Low,No,9,7.3
576,29,Other,179.9,50.4,15.6,No,Poor,Low,No,4,7.6
577,48,Other,149.5,84.5,37.8,Yes,Poor,High,No,7,5.7
578,63,Male,154.3,69.0,29.0,No,Average,Low,No,5,5.5
579,19,Other,144.9,55.4,26.4,Yes,Average,Low,No,10,6.6
580,68,Female,158.2,93.6,37.4,No,Poor,Moderate,No,3,8.4
581,67,Male,175.7,77.6,25.1,Yes,Average,Moderate,No,8,5.5
582,52,Female,159.4,72.8,28.7,No,Average,Low,No,10,7.2
583,40,Female,151.9,72.1,31.2,No,Good,High,Yes,2,6.2
584,34,Male,167.3,49.6,17.7,No,Poor,Low,No,10,4.7
585,43,Female,167.5,78.4,27.9,No,Good,Moderate,No,3,5.1
586,25,Male,154.8,63.7,26.6,No,Good,None,No,5,8.4
587,46,Female,159.9,83.1,32.5,Yes,Excellent,High,Yes,5,6.1
588,43,Male,166.5,79.6,28.7,No,Poor,High,No,5,8.9
589,27,Other,172.5,69.1,23.2,Yes,Good,Low,No,7,6.9
590,43,Female,158.5,68.0,27.1,No,Average,None,No,8,4.9
591,51,Male,157.1,94.9,38.5,Yes,Excellent,High,No,8,7.7
592,68,Female,184.1,49.9,14.7,Yes,Average,High,No,3,5.8
593,58,Female,162.3,61.4,23.3,No,Excellent,Moderate,No,8,6.4
594,24,Female,167.5,87.0,31.0,Yes,Average,Low,No,10,8.7
595,21,Male,171.5,92.3,31.4,No,Average,Low,Yes,2,5.1
596,67,Other,147.1,67.9,31.4,No,Average,High,No,4,6.3
597,62,Other,164.8,59.5,21.9,No,Good,None,No,2,5.4
598,28,Other,148.5,59.8,27.1,No,Poor,None,Yes,5,5.2
599,46,Male,163.7,48.5,18.1,No,Excellent,None,Yes,3,6.3
600,53,Other,178.7,100.0,31.3,No,Good,None,No,10,5.7
601,42,Male,155.0,67.8,28.2,Yes,Excellent,Low,No,10,6.6
602,38,Female,148.3,77.0,35.0,Yes,Good,Moderate,Yes,3,8.0
603,53,Female,183.9,77.1,22.8,No,Excellent,None,No,5,5.9
604,27,Other,153.5,92.3,39.2,Yes,Excellent,None,No,4,4.8
605,54,Male,150.0,63.7,28.3,No,Average,Moderate,No,6,8.0
606,26,Female,181.2,64.8,19.7,No,Excellent,Low,No,5,5.9
607,41,Male,153.1,82.5,35.2,No,Excellent,Moderate,No,10,9.7
608,52,Male,181.4,43.1,13.1,Yes,Average,Moderate,No,5,6.4
609,66,Female,167.7,92.4,32.9,No,Good,None,No,3,6.8
610,52,Male,177.8,96.1,30.4,No,Good,Moderate,No,4,3.5
611,65,Female,166.9,73.7,26.5,No,Poor,Moderate,No,3,5.3
612,53,Female,175.8,55.9,18.1,Yes,Poor,Low,No,3,3.6
613,35,Female,155.8,82.8,34.1,No,Poor,None,No,10,7.4
614,66,Male,158.9,67.1,26.6,No,Poor,None,No,9,6.9
615,56,Female,143.8,72.1,34.9,Yes,Excellent,High,No,10,7.9
616,49,Male,174.7,73.3,24.0,No,Excellent,None,Yes,6,8.2
617,41,Female,169.2,60.1,21.0,No,Poor,Low,No,10,8.4
618,40,Female,154.9,75.2,31.3,No,Average,Low,Yes,2,6.7
619,49,Other,147.5,48.1,22.1,No,Poor,Low,No,1,7.1
620,54,Other,167.8,37.1,13.2,No,Good,High,No,3,7.9
621,29,Other,181.8,75.5,22.8,No,Excellent,High,No,3,5.8
622,66,Male,163.6,85.7,32.0,No,Average,Low,No,4,5.6
623,30,Male,158.4,62.3,24.8,No,Good,None,No,4,9.3
624,40,Female,155.6,61.5,25.4,Yes,Average,High,No,5,4.3
625,42,Female,177.5,79.7,25.3,Yes,Average,None,No,4,7.8
626,52,Female,157.2,69.7,28.2,No,,High,No,2,7.5
627,58,Female,,61.5,23.6,No,Good,,Yes,1,5.3
628,47,Male,,74.6,24.2,No,Poor,Low,No,10,6.0
629,34,Female,171.4,70.1,23.9,No,Good,Moderate,No,7,6.5
630,66,Female,161.7,51.3,19.6,No,Excellent,Low,No,9,7.3
631,37,Other,158.0,68.4,27.4,Yes,Good,Moderate,No,9,7.5
632,65,Female,179.7,72.7,22.5,Yes,Excellent,None,No,1,7.0
633,42,Female,153.8,62.0,26.2,Yes,Excellent,None,Yes,9,7.3
634,39,Female,162.9,83.9,31.6,Yes,Poor,Low,Yes,1,8.0
635,30,Male,149.9,77.2,34.4,No,Excellent,None,No,1,7.9
636,36,Other,176.9,65.8,21.0,No,Poor,Low,Yes,2,9.3
637,66,Female,160.3,72.0,28.0,Yes,Average,Moderate,No,10,8.6
638,53,Female,158.0,64.4,25.8,No,Average,Low,No,6,7.0
639,29,Other,171.6,66.6,22.6,No,Average,High,No,9,8.0
640,58,Female,150.7,67.2,29.6,No,Good,Moderate,Yes,5,7.6
641,36,Male,171.4,43.4,,No,Excellent,Moderate,No,9,7.2
642,29,Female,161.4,70.4,27.0,Yes,Poor,Low,Yes,9,5.7
643,26,Male,152.9,74.8,32.0,No,Average,High,,8,7.2
644,24,Male,155.1,106.9,44.4,Yes,Poor,High,No,7,3.9
645,,Female,158.2,76.6,30.6,No,Average,None,Yes,3,8.6
646,31,Other,160.6,60.2,23.3,No,Excellent,Moderate,No,10,7.5
647,48,Male,153.0,45.4,19.4,No,Average,None,Yes,3,6.8
648,69,Other,167.9,54.2,19.2,No,Poor,Moderate,No,4,6.4
649,36,Female,152.8,62.5,,Yes,Average,Moderate,No,9,8.0
650,64,Male,141.3,62.8,31.5,No,Poor,Moderate,No,3,9.8
651,33,Female,184.2,66.4,19.6,No,Average,Moderate,No,8,7.6
652,22,Other,167.0,64.0,22.9,No,Poor,Low,No,8,9.9
653,52,Female,185.1,66.5,19.4,No,Average,High,No,6,8.2
654,29,Female,154.6,63.7,26.7,No,Excellent,Moderate,No,2,5.8
655,42,Male,169.8,70.3,24.4,No,Average,None,No,6,
656,69,Female,173.9,56.4,18.7,Yes,Good,None,No,4,7.6
657,38,Female,163.1,51.1,19.2,Yes,Poor,Low,No,7,5.8
658,53,Female,150.6,66.4,29.3,No,Average,High,No,1,6.4
659,40,Male,162.4,76.5,29.0,No,Good,Moderate,No,3,6.4
660,33,Other,171.3,53.2,18.1,Yes,Poor,Low,No,8,7.2
661,56,Other,170.9,61.4,21.0,No,Average,None,,1,6.6
662,62,Female,165.0,67.8,24.9,No,Average,High,No,10,7.4
663,59,Male,174.0,67.4,22.3,No,Excellent,Moderate,No,3,7.6
664,56,Female,173.5,81.3,27.0,No,Average,High,No,3,8.9
665,31,Other,159.8,84.1,32.9,Yes,Poor,None,No,8,7.8
666,48,Male,149.8,73.3,32.7,No,Good,Low,No,1,5.9
667,22,Other,166.9,88.1,31.6,No,Average,Low,No,10,10.2
668,52,Other,157.5,64.5,26.0,No,Good,None,No,5,6.0
669,40,Male,166.4,82.6,29.8,No,Poor,Moderate,No,7,6.4
670,46,Male,178.5,60.8,19.1,No,Poor,Moderate,No,4,7.9
671,60,Female,169.4,74.4,25.9,No,Average,High,No,10,11.3
672,28,Female,178.0,79.7,25.2,No,Excellent,None,No,3,7.6
673,35,Other,154.9,70.8,29.5,No,Average,None,No,10,6.0
674,64,Male,175.9,55.5,17.9,No,Excellent,Moderate,No,6,4.5
675,29,Male,181.8,44.9,13.6,No,Average,None,No,5,4.4
676,26,Female,165.6,78.4,28.6,No,Good,Low,No,2,7.0
677,27,Other,188.2,65.9,18.6,Yes,Excellent,Moderate,No,6,7.8
678,61,Other,156.4,67.0,27.4,No,Excellent,Moderate,No,3,4.9
679,34,Female,158.6,92.5,36.8,Yes,Good,Low,No,9,7.3
680,55,Male,171.5,55.8,19.0,No,Average,None,No,3,5.0
681,24,Female,165.5,81.1,29.6,Yes,Poor,Moderate,No,9,5.6
682,63,Female,157.6,58.9,23.7,No,Poor,Moderate,No,6,7.9
683,30,Female,171.2,67.3,23.0,Yes,Average,Moderate,No,8,5.9
684,57,Female,168.6,53.7,18.9,No,Good,None,No,9,9.0
685,59,Male,159.1,58.8,23.2,No,Poor,Moderate,No,8,6.1
686,26,Female,166.9,76.2,27.4,Yes,Good,None,No,2,8.7
687,67,Male,172.6,89.4,30.0,No,Average,High,No,3,10.4
688,44,Female,158.9,76.4,30.3,No,Good,Low,No,8,5.9
689,19,Other,170.2,74.6,25.8,No,Good,None,No,5,10.7
690,22,Male,156.3,108.2,44.3,Yes,Good,None,No,10,7.0
691,46,Other,158.3,78.4,31.3,Yes,Poor,Low,No,4,6.1
692,54,Female,176.1,56.0,18.1,Yes,Good,None,No,6,6.6
693,55,Female,171.1,44.8,15.3,Yes,Excellent,Low,No,6,6.4
694,36,Female,146.1,75.7,35.5,Yes,Good,High,No,7,9.1
695,25,Male,161.3,48.9,18.8,No,Good,Moderate,No,5,9.0
696,65,Other,169.9,55.0,19.1,No,Average,Low,Yes,1,9.0
697,62,Male,166.4,74.5,26.9,No,Good,Low,No,8,5.1
698,18,Male,171.2,85.6,29.2,Yes,Good,Moderate,No,1,7.3
699,39,Female,166.2,65.7,23.8,No,Poor,Moderate,Yes,4,4.7
700,69,Other,163.7,51.9,19.4,No,Excellent,None,Yes,3,8.5
701,34,Female,163.4,67.8,25.4,No,Average,None,Yes,3,6.3
702,24,Male,175.9,65.9,21.3,Yes,Excellent,None,Yes,6,7.8
703,42,Female,171.9,71.8,24.3,No,Good,Moderate,No,8,6.2
704,62,Other,169.0,52.0,18.2,No,Poor,Moderate,No,5,4.4
705,21,Female,165.9,57.4,20.9,No,Excellent,Moderate,No,6,8.3
706,53,Other,159.5,85.4,33.6,Yes,Excellent,None,No,6,8.4
707,23,Other,161.9,81.4,31.1,Yes,Excellent,Moderate,Yes,1,7.2
708,48,Female,175.6,87.5,28.4,No,Excellent,Moderate,No,7,3.8
709,36,Male,174.7,42.2,13.8,No,Excellent,High,No,1,8.1
710,61,Female,158.5,56.7,22.6,No,Poor,Low,Yes,7,5.9
711,56,Male,166.0,84.9,30.8,No,Good,Low,No,8,7.8
712,44,Male,170.0,78.9,27.3,Yes,Poor,Moderate,Yes,4,6.3
713,27,Female,169.3,76.1,26.6,No,Poor,None,No,8,6.4
714,43,Male,169.3,64.6,22.5,No,Poor,High,Yes,6,7.7
715,36,Male,153.9,60.7,25.6,No,Poor,High,Yes,6,5.8
716,56,Female,153.3,70.5,30.0,Yes,Good,Low,No,9,6.7
717,20,Female,176.7,63.3,20.3,Yes,Good,High,No,6,7.8
718,62,Female,180.1,77.9,24.0,No,Poor,High,No,5,10.2
719,30,Male,150.2,70.6,31.3,No,Excellent,High,No,10,6.9
720,67,Other,164.7,55.4,20.4,No,Good,Moderate,No,10,8.3
721,45,Male,173.1,79.5,26.5,No,Good,Low,Yes,6,5.2
722,37,Other,143.0,88.8,43.4,No,Poor,Low,No,8,9.5
723,45,Female,154.3,89.8,37.7,Yes,Excellent,None,No,9,5.8
724,25,Other,164.1,80.1,29.7,Yes,Excellent,Moderate,No,10,6.8
725,58,Female,159.0,80.3,31.8,No,Poor,High,No,10,7.8
726,56,Female,167.1,52.6,18.8,No,Poor,Moderate,Yes,8,5.8
727,18,Other,179.7,59.9,18.5,No,Good,High,No,8,8.6
728,20,Female,156.5,67.5,27.6,Yes,Good,High,No,7,6.0
729,30,Other,165.5,78.9,28.8,No,Average,None,No,1,8.2
730,45,Female,161.6,61.0,23.4,No,Average,None,No,4,8.6
731,66,Male,166.4,65.4,23.6,No,Poor,None,Yes,4,7.9
732,42,Male,165.1,78.4,28.8,No,Average,High,No,3,8.1
733,50,Female,191.4,72.1,19.7,No,Excellent,High,No,4,10.8
734,55,Female,179.9,75.0,23.2,No,Excellent,Moderate,No,2,7.6
735,23,Other,149.2,58.3,26.2,No,Excellent,Low,No,3,7.2
736,61,Male,156.0,65.2,26.8,No,Good,High,No,3,7.5
737,62,Other,157.2,63.0,25.5,No,Average,Moderate,No,10,8.9
738,49,Female,152.7,70.0,30.0,Yes,Average,Moderate,Yes,1,10.5
739,62,Female,151.3,63.5,27.7,No,Poor,High,No,7,6.8
740,64,Other,163.2,61.5,23.1,No,Good,High,Yes,4,5.6
741,38,Female,157.6,71.9,28.9,No,Good,None,No,8,8.7
742,33,Male,156.1,101.5,41.7,Yes,Good,None,No,9,5.0
743,38,Other,185.2,78.8,23.0,No,Excellent,None,No,2,7.4
744,28,Male,158.3,43.3,17.3,Yes,Good,Moderate,No,2,7.5
745,54,Male,160.6,75.3,29.2,Yes,Average,None,Yes,2,6.8
746,53,Male,172.4,62.3,21.0,No,Poor,High,No,8,6.9
747,52,Other,160.5,55.9,21.7,No,Average,None,No,2,4.5
748,36,Female,153.3,80.6,34.3,No,Good,High,No,6,5.7
749,37,Male,162.4,71.2,27.0,No,Poor,High,Yes,5,8.4
750,35,Male,185.1,107.3,31.3,Yes,Excellent,Low,No,10,3.9
751,64,Male,160.2,68.3,26.6,No,Poor,Low,No,9,6.9
752,58,Female,155.9,66.6,27.4,Yes,Good,None,Yes,2,6.5
753,66,Female,169.2,88.0,30.7,No,Good,High,No,1,4.0
754,31,Other,161.9,70.3,26.8,No,Poor,Low,Yes,2,9.5
755,32,Female,192.4,54.1,14.6,No,Good,Moderate,No,10,5.5
756,48,Other,157.1,56.8,23.0,No,Good,Low,Yes,5,7.8
757,18,Other,182.3,65.1,19.6,No,Good,None,No,8,6.3
758,20,Other,176.6,79.9,25.6,No,Good,Moderate,No,8,5.7
759,33,Other,161.2,89.1,34.3,No,Poor,Moderate,No,2,6.6
760,40,Other,165.0,82.0,30.1,Yes,Poor,High,No,5,6.5
761,28,Male,154.7,78.5,32.8,No,Average,High,No,2,6.7
762,29,Female,159.6,86.5,34.0,No,Excellent,High,No,7,5.8
763,27,Male,161.1,79.3,30.6,No,Excellent,High,No,10,5.5
764,49,Other,166.6,56.5,20.4,Yes,Average,Low,No,8,8.5
765,33,Female,150.9,66.7,29.3,Yes,Poor,None,No,5,7.0
766,25,Male,168.1,62.3,22.0,No,Average,None,Yes,1,6.9
767,55,Male,163.5,88.9,33.3,No,Good,High,No,7,5.7
768,29,Other,169.0,55.7,19.5,No,Good,Low,No,3,9.4
769,41,Male,170.5,56.0,19.3,Yes,Excellent,Low,No,2,6.9
770,45,Male,162.7,72.5,27.4,Yes,Poor,Low,No,6,4.2
771,25,Male,169.9,98.9,34.3,No,Excellent,None,No,2,7.4
772,45,Male,164.1,81.0,30.1,No,Average,High,Yes,10,5.9
773,53,Male,172.4,85.6,28.8,No,Excellent,Low,No,8,8.4
774,43,Other,168.2,53.4,18.9,Yes,Excellent,Low,No,3,8.6
775,25,Other,166.8,80.0,28.8,No,Good,High,No,2,8.4
776,67,Male,164.0,53.3,19.8,No,Excellent,Low,No,8,6.3
777,45,Other,178.0,81.0,25.6,No,Average,None,Yes,6,6.8
778,45,Other,169.1,46.4,16.2,Yes,Poor,Moderate,No,4,7.4
779,54,Female,151.8,64.9,28.2,No,Excellent,None,No,5,8.3
780,58,Male,160.3,39.2,15.3,No,Poor,High,Yes,10,5.4
781,53,Other,162.7,56.7,21.4,No,Average,High,Yes,7,7.1
782,44,Other,165.0,48.6,17.9,No,Excellent,None,No,4,9.8
783,34,Male,166.8,79.8,28.7,No,Poor,Moderate,No,7,6.2
784,26,Female,155.6,71.4,29.5,No,Good,High,No,6,7.0
785,50,Male,164.3,63.0,23.3,No,Good,High,No,5,10.9
786,37,Female,161.9,71.8,27.4,No,Average,None,No,3,6.6
787,30,Male,175.8,57.5,18.6,No,Excellent,Moderate,No,1,4.7
788,45,Male,155.0,74.8,31.1,No,Average,Moderate,No,8,6.9
789,65,Male,164.8,68.8,25.3,No,Poor,Moderate,No,7,9.5
790,46,Male,158.1,104.2,41.7,No,Poor,High,No,6,8.6
791,30,Female,183.6,94.5,28.0,No,Average,Moderate,No,4,5.5
792,63,Female,177.6,84.1,26.7,Yes,Poor,None,No,5,7.6
793,52,Other,148.6,74.4,33.7,No,Average,High,No,5,6.7
794,23,Male,157.0,76.3,31.0,No,Average,Moderate,Yes,2,8.2
795,35,Female,173.7,88.6,29.4,No,Good,Low,No,6,6.1
796,68,Female,169.6,74.3,25.8,No,Poor,Moderate,Yes,5,7.7
797,22,Female,169.3,75.2,26.2,No,Average,Moderate,No,1,9.9
798,64,Male,166.9,61.4,22.0,Yes,Good,High,No,9,3.1
799,42,Other,174.5,59.7,19.6,No,Average,None,No,7,7.9
800,19,Female,172.8,68.4,22.9,No,Poor,Low,No,2,9.0
801,27,Male,162.1,30.8,11.7,No,Good,High,No,6,4.7
802,47,Female,153.0,69.6,29.7,No,Poor,Moderate,No,1,5.9
803,67,Female,148.1,66.4,30.3,Yes,Excellent,High,No,2,6.4
804,62,Other,164.0,83.2,30.9,Yes,Excellent,High,No,7,5.9
805,22,Female,146.6,88.4,41.1,No,Excellent,Low,Yes,3,5.8
806,50,Female,167.5,108.6,38.7,No,Excellent,Moderate,No,7,6.4
807,18,Male,161.9,78.7,30.0,No,Good,High,No,6,8.3
808,35,Male,184.4,72.3,21.3,No,Poor,None,No,5,9.2
809,49,Other,168.4,61.5,21.7,No,Average,Low,Yes,10,9.0
810,64,Male,164.7,54.3,20.0,Yes,Average,High,No,9,8.5
811,66,Male,148.8,83.7,37.8,No,Average,Low,Yes,10,9.7
812,28,Other,152.4,69.6,30.0,No,Poor,High,No,5,10.0
813,38,Female,171.8,76.4,25.9,No,Good,High,No,5,7.2
814,43,Other,161.9,70.3,26.8,Yes,Poor,High,No,8,9.1
815,42,Male,190.4,70.7,19.5,No,Excellent,None,No,7,7.6
816,39,Other,164.2,73.3,27.2,No,Average,None,No,1,6.7
817,44,Female,166.7,76.3,27.5,Yes,Poor,None,No,10,6.9
818,66,Other,151.8,84.1,36.5,No,Excellent,High,No,2,8.5
819,30,Male,174.5,51.5,16.9,No,Excellent,None,No,4,9.2
820,50,Male,155.7,78.8,32.5,Yes,Good,Low,No,9,7.9
821,51,Other,170.2,50.7,17.5,No,Average,None,No,7,6.4
822,58,Female,173.1,80.5,26.9,Yes,Poor,Low,Yes,2,6.3
823,52,Other,166.0,74.8,27.1,No,Excellent,Moderate,No,8,4.2
824,18,Female,182.6,68.9,20.7,No,Excellent,Moderate,No,1,7.5
825,38,Female,158.9,69.4,27.5,No,Average,None,No,8,7.4
826,65,Other,181.8,72.1,21.8,No,Poor,None,No,5,5.4
827,23,Female,152.3,86.4,37.2,Yes,Poor,Low,Yes,1,7.7
828,45,Male,173.0,85.0,28.4,No,Average,High,No,3,7.7
829,34,Other,163.6,83.3,31.1,Yes,Excellent,Low,No,7,4.8
830,22,Female,157.9,49.8,20.0,No,Good,Moderate,Yes,7,6.5
831,48,Male,148.4,78.6,35.7,No,Average,High,No,8,9.1
832,22,Other,162.4,34.0,12.9,No,Excellent,Low,No,4,6.1
833,55,Male,161.8,38.0,14.5,Yes,Good,None,No,6,7.0
834,20,Male,166.7,86.9,31.3,Yes,Average,Moderate,Yes,7,7.2
835,40,Male,172.2,48.3,16.3,No,Average,Moderate,No,8,7.0
836,54,Female,156.9,67.3,27.3,Yes,Excellent,None,No,3,8.0
837,54,Other,182.6,91.1,27.3,No,Average,Low,No,5,8.4
838,27,Other,159.6,78.8,30.9,Yes,Poor,None,No,8,8.9
839,27,Female,171.0,75.6,25.9,No,Poor,Low,No,6,6.5
840,36,Other,165.9,69.2,25.1,No,Good,Moderate,No,1,7.8
841,34,Male,163.0,71.9,27.1,No,Average,None,No,2,8.3
842,38,Other,165.4,60.6,22.2,No,Poor,Moderate,No,3,6.8
843,31,Female,155.6,62.8,25.9,No,Excellent,Moderate,No,7,5.9
844,26,Male,161.1,71.3,27.5,Yes,Excellent,High,No,10,7.2
845,63,Female,151.6,73.5,32.0,No,Excellent,None,No,3,6.1
846,18,Male,159.5,67.6,26.6,Yes,Poor,Moderate,Yes,9,5.9
847,68,Male,160.3,36.5,14.2,No,Average,Low,No,9,7.3
848,62,Other,173.5,93.5,31.1,No,Average,None,No,8,6.7
849,30,Male,161.7,84.1,32.2,Yes,Average,Low,No,9,7.3
850,21,Female,160.5,66.9,26.0,No,Good,Low,No,8,4.7
851,18,Other,167.2,84.5,30.2,Yes,Average,Low,Yes,9,6.7
852,66,Female,166.8,64.6,23.2,No,Poor,None,No,4,3.6
853,57,Male,159.1,74.8,29.6,No,Poor,Low,No,4,5.4
854,49,Female,168.9,41.2,14.4,Yes,Average,None,No,5,6.9
855,51,Female,163.2,73.9,27.7,No,Excellent,High,No,7,8.8
856,45,Male,159.1,65.8,26.0,No,Good,Low,No,9,7.8
857,48,Other,160.0,73.3,28.6,No,Good,None,No,4,7.1
858,25,Female,174.5,95.6,31.4,Yes,Poor,Low,Yes,7,6.4
859,56,Male,160.3,69.7,27.1,No,Good,Moderate,Yes,6,6.6
860,43,Other,167.6,63.1,22.5,No,Excellent,Low,No,9,9.0
861,51,Other,152.2,63.3,27.3,No,Average,Moderate,No,9,5.3
862,20,Other,176.2,48.8,15.7,Yes,Good,Moderate,No,9,5.9
863,67,Female,159.2,76.1,30.0,No,Good,Low,No,5,8.6
864,29,Female,169.0,78.0,27.3,Yes,Poor,Low,No,3,6.5
865,18,Female,162.5,71.0,26.9,No,Excellent,Moderate,Yes,6,9.9
866,61,Other,168.9,83.8,29.4,No,Poor,High,No,2,8.0
867,22,Female,169.4,83.9,29.2,No,Poor,None,No,7,8.7
868,47,Male,163.6,71.0,26.5,No,Good,Low,No,7,4.6
869,47,Female,146.3,78.8,36.8,No,Poor,Moderate,No,2,8.6
870,34,Female,175.9,102.6,33.2,No,Poor,None,No,6,5.7
871,65,Other,163.6,57.7,21.6,No,Good,Low,No,4,8.1
872,64,Female,168.7,81.6,28.7,No,Good,None,Yes,7,6.5
873,40,Male,171.9,71.3,24.1,No,Good,Moderate,No,8,7.3
874,32,Other,160.4,85.7,33.3,Yes,Average,Low,Yes,10,5.3
875,54,Male,170.2,58.1,20.1,Yes,Excellent,High,No,1,4.4
876,38,Other,157.5,73.0,29.4,Yes,Average,None,No,5,7.2
877,31,Other,168.9,59.8,21.0,No,Good,Low,Yes,9,6.6
878,19,Female,165.2,43.5,15.9,No,Excellent,None,No,2,5.7
879,28,Male,160.8,91.1,35.2,Yes,Poor,None,No,4,4.5
880,68,Other,165.5,63.5,23.2,No,Excellent,Low,No,8,3.0
881,56,Female,154.4,57.4,24.1,Yes,Good,Low,No,5,7.8
882,55,Other,168.1,61.3,21.7,No,Average,Low,No,8,6.6
883,51,Other,169.1,97.4,34.1,Yes,Excellent,Moderate,No,10,6.1
884,55,Other,168.5,89.7,31.6,No,Poor,Low,No,10,7.3
885,67,Other,180.0,66.7,20.6,Yes,Average,None,No,1,8.5
886,51,Other,164.1,82.9,30.8,No,Average,Low,Yes,7,7.4
887,35,Other,164.7,53.9,19.9,Yes,Average,Moderate,No,6,6.3
888,47,Female,153.3,77.9,33.1,No,Average,Moderate,No,2,10.2
889,32,Other,180.7,63.5,19.4,No,Poor,Low,No,7,6.0
890,44,Male,150.0,76.5,34.0,No,Good,None,No,3,4.9
891,68,Female,167.3,49.4,17.6,Yes,Poor,Moderate,No,4,7.1
892,51,Male,158.9,61.1,24.2,No,Good,None,No,6,6.6
893,69,Other,165.6,72.7,26.5,No,Good,High,No,3,8.4
894,55,Male,151.9,72.6,31.5,No,Excellent,Moderate,No,1,6.2
895,50,Other,173.9,48.1,15.9,No,Poor,High,Yes,10,6.8
896,41,Other,155.4,55.4,22.9,No,Good,Moderate,No,1,5.7
897,32,Female,176.7,76.4,24.5,No,Poor,None,No,6,8.2
898,47,Female,155.7,74.6,30.8,No,Poor,High,No,4,7.2
899,59,Other,174.8,79.8,26.1,Yes,Good,None,Yes,7,6.6
900,68,Female,156.7,72.9,29.7,No,Good,Moderate,No,9,6.8
901,34,Male,158.9,54.2,21.5,Yes,Average,None,No,8,7.0
902,22,Female,165.0,64.7,23.8,Yes,Excellent,High,No,3,4.8
903,46,Female,156.5,78.0,31.8,Yes,Good,Low,No,7,8.7
904,21,Male,156.2,55.0,22.5,Yes,Good,Low,No,1,8.7
905,27,Female,156.6,53.1,21.7,No,Good,Moderate,No,2,7.1
906,34,Other,168.2,65.5,23.2,No,Excellent,Low,No,9,6.9
907,27,Male,165.0,74.1,27.2,No,Poor,Moderate,No,10,5.5
908,34,Other,165.5,42.4,15.5,No,Average,None,No,8,9.6
909,37,Male,161.8,66.4,25.4,Yes,Average,None,No,7,9.2
910,41,Other,170.5,77.8,26.8,Yes,Poor,High,Yes,10,7.6
911,22,Other,175.5,80.7,26.2,No,Excellent,High,No,2,8.2
912,51,Female,170.8,54.9,18.8,No,Excellent,Low,No,2,8.8
913,23,Other,162.9,75.6,28.5,No,Good,None,No,7,8.5
914,19,Female,152.8,84.9,36.4,No,Excellent,High,No,7,5.7
915,30,Male,145.2,79.1,37.5,No,Excellent,Low,No,6,6.5
916,60,Other,164.4,63.8,23.6,Yes,Good,Moderate,No,10,7.7
917,60,Other,145.1,34.2,16.2,No,Poor,High,No,5,7.3
918,65,Male,163.0,73.1,27.5,Yes,Average,High,No,6,8.1
919,28,Male,179.0,93.7,29.2,No,Poor,Low,No,9,8.0
920,68,Other,153.5,82.4,35.0,No,Poor,High,No,4,7.4
921,64,Male,152.1,81.3,35.1,No,Good,Low,Yes,10,3.1
922,40,Female,171.4,72.5,24.7,No,Poor,High,No,1,8.8
923,33,Male,136.9,83.5,44.6,Yes,Excellent,None,Yes,9,8.3
924,48,Male,168.8,74.5,26.1,No,Poor,None,No,8,10.1
925,28,Other,179.7,43.8,13.6,No,Poor,None,No,2,6.3
926,33,Female,156.3,83.4,34.1,Yes,Good,High,No,4,4.2
927,25,Male,154.6,57.1,23.9,No,Good,Low,No,3,6.7
928,21,Female,170.9,71.0,24.3,No,Average,None,No,3,7.7
929,57,Female,153.3,81.1,34.5,No,Excellent,Moderate,Yes,6,6.3
930,21,Female,173.1,58.8,19.6,No,Excellent,High,Yes,7,9.1
931,42,Other,154.1,55.2,23.2,No,Average,Low,No,8,6.0
932,20,Male,182.7,77.2,23.1,No,Average,High,No,7,6.8
933,49,Other,171.6,53.3,18.1,No,Good,Low,No,9,6.6
934,20,Male,165.4,67.1,24.5,No,Average,Low,No,2,11.2
935,44,Male,182.1,86.9,26.2,No,Poor,High,No,10,5.6
936,46,Other,175.3,94.4,30.7,Yes,Average,Moderate,No,4,7.9
937,49,Female,168.7,43.3,15.2,No,Poor,Moderate,No,2,5.2
938,67,Female,146.4,66.7,31.1,No,Average,High,No,3,7.5
939,68,Male,158.0,89.1,35.7,No,Good,None,Yes,10,5.6
940,36,Other,175.9,64.0,20.7,No,Excellent,None,Yes,1,8.6
941,38,Female,152.0,81.9,35.4,No,Poor,Low,No,8,8.4
942,22,Female,157.3,83.0,33.5,No,Excellent,None,Yes,5,7.4
943,35,Male,154.8,60.8,25.4,No,Poor,High,No,5,4.9
944,45,Male,169.0,76.4,26.7,No,Excellent,High,No,8,6.9
945,59,Other,174.6,77.3,25.4,No,Good,Moderate,No,9,6.5
946,39,Male,174.6,83.7,27.5,Yes,Poor,None,Yes,9,8.2
947,38,Female,156.5,45.6,18.6,Yes,Average,None,No,10,5.6
948,23,Female,168.9,89.4,31.3,No,Good,Low,No,9,8.7
949,18,Female,156.0,80.3,33.0,No,Excellent,High,No,2,8.5
950,22,Female,162.9,53.0,20.0,Yes,Poor,High,No,7,4.9
951,58,Other,170.2,68.1,23.5,No,Good,High,Yes,7,6.7
952,29,Other,175.6,82.6,26.8,Yes,Excellent,Moderate,No,4,6.9
953,43,Male,143.5,53.8,26.1,Yes,Poor,Moderate,No,5,8.5
954,63,Male,166.0,56.1,20.4,Yes,Poor,Moderate,No,6,6.0
955,51,Male,179.1,70.3,21.9,No,Good,High,No,7,7.3
956,66,Other,167.3,63.5,22.7,Yes,Excellent,High,Yes,2,8.6
957,31,Female,165.8,73.8,26.8,No,Excellent,None,Yes,10,7.4
958,43,Male,159.4,82.3,32.4,Yes,Poor,High,Yes,2,4.2
959,62,Female,178.8,74.1,23.2,No,Excellent,High,No,2,6.3
960,44,Male,159.8,69.8,27.3,No,Average,Moderate,Yes,5,8.4
961,26,Male,164.0,82.4,30.6,Yes,Average,None,No,6,8.2
962,43,Male,160.3,68.4,26.6,Yes,Poor,High,No,6,3.6
963,64,Male,166.1,58.8,21.3,No,Excellent,Low,Yes,3,7.3
964,39,Male,179.3,87.3,27.2,Yes,Poor,Moderate,Yes,4,8.4
965,64,Female,155.9,33.7,13.9,No,Average,Low,No,7,7.8
966,47,Male,166.1,71.0,25.7,No,Poor,None,No,7,8.0
967,60,Female,168.9,64.5,22.6,No,Poor,Moderate,No,6,10.1
968,65,Other,156.9,56.2,22.8,No,Good,None,No,1,6.9
969,34,Male,164.4,74.5,27.6,No,Good,High,No,10,7.5
970,43,Female,183.5,76.9,22.8,No,Average,Moderate,No,6,5.6
971,53,Other,147.3,57.6,26.5,No,Excellent,None,No,1,6.0
972,18,Other,160.8,49.1,19.0,No,Average,None,Yes,5,6.5
973,25,Other,167.5,50.4,18.0,No,Excellent,None,No,6,8.3
974,66,Female,161.2,97.2,37.4,Yes,Excellent,Low,No,7,5.9
975,52,Male,193.9,98.9,26.3,No,Good,Moderate,No,8,8.9
976,69,Male,170.5,70.4,24.2,No,Good,None,No,9,5.4
977,32,Female,154.6,49.4,20.7,No,Average,Moderate,No,6,8.0
978,64,Male,141.6,67.8,33.8,No,Average,High,No,7,7.8
979,39,Female,168.4,37.0,13.0,Yes,Average,High,No,4,7.4
980,31,Male,157.4,74.7,30.2,No,Good,None,No,10,8.5
981,43,Other,177.9,55.1,17.4,No,Good,Moderate,No,7,5.9
982,45,Male,162.3,51.8,19.7,No,Poor,None,No,10,6.3
983,40,Female,159.3,84.7,33.4,No,Average,None,No,1,5.6
984,31,Female,159.1,67.7,26.7,No,Poor,Low,Yes,3,7.0
985,41,Other,174.9,83.0,27.1,No,Excellent,Moderate,Yes,1,6.8
986,19,Female,169.2,88.1,30.8,No,Average,Low,No,8,8.3
987,62,Male,182.6,68.7,20.6,No,Good,None,No,3,7.6
988,43,Male,162.8,69.9,26.4,Yes,Average,Low,No,7,8.0
989,31,Other,173.6,85.9,28.5,No,Average,Low,No,2,6.7
990,68,Female,173.8,61.9,20.5,Yes,Good,Low,No,5,7.6
991,24,Other,171.7,87.3,29.6,No,Good,High,No,3,9.7
992,20,Male,159.9,39.7,15.5,No,Excellent,High,No,10,5.0
993,64,Other,169.7,64.7,22.5,No,Average,Low,No,3,4.2
994,40,Female,164.0,72.8,27.1,No,Average,Moderate,No,5,8.0
995,63,Other,163.8,51.9,19.3,No,Average,High,No,8,5.7
996,60,Female,156.9,75.5,30.7,Yes,Average,Low,No,2,4.9
997,64,Female,143.8,72.6,35.1,Yes,Excellent,None,Yes,4,7.8
998,62,Male,177.5,59.0,18.7,No,Average,High,No,4,5.5
999,35,Male,169.3,58.4,20.4,No,Excellent,None,No,5,9.3
1000,55,Male,151.6,56.9,24.8,No,Excellent,Low,Yes,6,7.2